ABACK,58%
ABASE,51.22%
ABASH,1.05%
ABATE,58%
ABBEY,57.58%
ABBOT,57.12%
ABHOR,58%
ABIDE,58%
ABLED,0.13%
ABODE,58%
ABOIL,3.17%
ABORT,58%
ABOUT,58%
ABOVE,58%
ABUSE,58%
ABUZZ,58%
ABYSS,58%
ACHED,0.13%
ACHOO,2.23%
ACING,55.15%
ACORN,58%
ACRID,58%
ACTED,0.13%
ACTOR,58%
ACUTE,58%
ADAGE,58%
ADAPT,58%
ADDED,0.13%
ADDER,48.26%
ADDLE,47.99%
ADEPT,58%
ADIEU,57.66%
ADIOS,52.99%
ADMIN,55.28%
ADMIT,58%
ADOBE,58%
ADOBO,57.33%
ADOPT,58%
ADORE,58%
ADORN,58%
ADULT,58%
AEGIS,58%
AERIE,57.83%
AFFIX,57.99%
AFIRE,57.96%
AFOOT,58%
AFORE,2.98%
AFOUL,58%
AFTER,58%
AGAIN,58%
AGAPE,57.91%
AGATE,56.32%
AGAVE,57.86%
AGENT,58%
AGILE,58%
AGING,58%
AGITA,57.23%
AGLOW,57.95%
AGONY,58%
AGORA,54.57%
AGREE,58%
AHEAD,58%
AHOLD,57.21%
AIDED,0.13%
AIDER,47.09%
AILED,0.13%
AIMED,0.13%
AIOLI,58%
AIRED,0.13%
AISLE,58%
ALARM,58%
ALBUM,58%
ALDER,55.87%
ALERT,58%
ALGAE,58%
ALIAS,58%
ALIBI,58%
ALIEN,58%
ALIGN,58%
ALIKE,58%
ALIVE,58%
ALLAY,58%
ALLEY,58%
ALLOT,57.23%
ALLOW,58%
ALLOY,58%
ALOFT,58%
ALOHA,55.48%
ALONE,58%
ALONG,58%
ALOOF,58%
ALOUD,58%
ALPHA,58%
ALTAR,58%
ALTER,58%
AMARO,55.71%
AMASS,58%
AMAZE,58%
AMBER,58%
AMBIT,55.76%
AMBLE,58%
AMEND,58%
AMIGO,53.53%
AMINO,58%
AMISS,58%
AMITY,56.91%
AMONG,58%
AMOUR,56.89%
AMPED,0.13%
AMPLE,58%
AMPLY,58%
AMUCK,42.47%
AMUSE,58%
ANCHO,56.89%
ANGEL,58%
ANGER,58%
ANGLE,58%
ANGRY,58%
ANGST,58%
ANIMA,53.53%
ANIME,58%
ANISE,58%
ANKLE,58%
ANNAL,0.53%
ANNEX,58%
ANNOY,58%
ANNUL,58%
ANODE,46.39%
ANOLE,46.39%
ANTIC,58%
ANTSY,58%
ANVIL,58%
AORTA,58%
APACE,58%
APART,58%
APHID,54.01%
APING,57.23%
APNEA,58%
APPLE,58%
APPLY,58%
APRON,58%
APTLY,58%
ARBOR,54.86%
ARCED,0.13%
ARDOR,57.69%
ARENA,58%
ARGON,54.92%
ARGOT,57.90%
ARGUE,58%
ARISE,58%
ARMED,58%
ARMOR,58%
AROMA,58%
AROSE,58%
ARRAY,58%
ARROW,58%
ARSON,58%
ARTSY,58%
ASCOT,56.07%
ASHED,0.13%
ASHEN,58%
ASIDE,58%
ASKED,0.13%
ASKER,44.71%
ASKEW,58%
ASPEN,56.81%
ASPIC,56.40%
ASSAY,55.33%
ASSET,58%
ASTER,53.64%
ASTIR,50.50%
ATLAS,57.90%
ATOLL,57.24%
ATONE,58%
ATRIA,50.00%
ATTIC,58%
AUDIO,58%
AUDIT,58%
AUGER,54.11%
AUGUR,57.95%
AUNTY,3.34%
AURAL,58%
AVAIL,58%
AVAST,40.26%
AVERT,58%
AVIAN,58%
AVOID,58%
AWAIT,58%
AWAKE,58%
AWARD,58%
AWARE,58%
AWASH,58%
AWFUL,58%
AWOKE,58%
AXIAL,52.51%
AXING,54.61%
AXIOM,58%
AXION,2.77%
AZURE,58%
BABEL,46.01%
BABKA,55.96%
BACON,58%
BADGE,58%
BADLY,58%
BAGEL,58%
BAGGY,58%
BAKED,58%
BAKER,58%
BALDY,34.85%
BALED,0.13%
BALER,45.17%
BALKY,58%
BALMY,58%
BALSA,56.00%
BANAL,58%
BANDY,54.42%
BANJO,58%
BARED,0.13%
BARER,44.71%
BARGE,58%
BARON,58%
BARRE,57.49%
BASAL,56.77%
BASED,0.13%
BASIC,58%
BASIL,58%
BASIN,58%
BASIS,58%
BASTE,58%
BATCH,58%
BATED,0.13%
BATHE,58%
BATIK,57.02%
BATON,58%
BATTY,57.46%
BAWDY,58%
BAYED,0.13%
BAYOU,57.96%
BEACH,58%
BEADY,56.00%
BEARD,58%
BEAST,58%
BEAUT,53.14%
BEBOP,58%
BEECH,58%
BEEFY,58%
BEFIT,56.50%
BEFOG,37.35%
BEGAN,58%
BEGAT,57.64%
BEGET,57.60%
BEGIN,58%
BEGOT,56.24%
BEGUN,58%
BEIGE,58%
BEING,58%
BELAY,50.81%
BELCH,58%
BELIE,58%
BELLE,58%
BELLY,58%
BELOW,58%
BENCH,58%
BENDY,54.25%
BENTO,56.89%
BERET,58%
BERRY,58%
BERTH,58%
BERYL,43.67%
BESET,58%
BESOT,1.51%
BETEL,55.91%
BEVEL,47.70%
BEZEL,55.56%
BIBLE,55.39%
BICEP,57.27%
BIDDY,32.16%
BIDED,0.13%
BIDET,56.43%
BIGOT,58%
BIKED,0.13%
BIKER,58%
BILGE,55.54%
BILLY,57.05%
BINGE,58%
BINGO,58%
BIOME,53.59%
BIPED,51.82%
BIPOD,51.93%
BIRCH,58%
BIRTH,58%
BISON,58%
BITER,54.29%
BITSY,43.67%
BITTY,55.78%
BLACK,58%
BLADE,58%
BLAME,58%
BLAND,58%
BLANK,58%
BLARE,58%
BLASE,58%
BLAST,58%
BLAZE,58%
BLEAK,58%
BLEAT,56.14%
BLEED,58%
BLEEP,55.97%
BLEND,58%
BLESS,58%
BLIMP,57.59%
BLIND,58%
BLING,58%
BLINK,58%
BLISS,58%
BLITZ,58%
BLOAT,58%
BLOCK,58%
BLOKE,57.17%
BLOND,58%
BLOOD,58%
BLOOM,58%
BLOOP,57.87%
BLOWN,58%
BLUER,57.05%
BLUFF,58%
BLUNT,58%
BLURB,58%
BLURT,58%
BLUSH,58%
BOARD,58%
BOAST,58%
BOBBY,56.71%
BOCCE,57.24%
BODED,0.13%
BOFFO,56.17%
BOGEY,58%
BOGGY,56.38%
BOGIE,37.35%
BOGUS,58%
BOING,50.50%
BOLUS,48.52%
BONED,0.13%
BONER,14.35%
BONEY,2.98%
BONGO,56.54%
BONNY,44.21%
BONUS,58%
BOOBY,53.39%
BOOED,0.13%
BOOST,58%
BOOTH,58%
BOOTY,54.23%
BOOZE,58%
BOOZY,58%
BORAX,50.81%
BORED,58%
BORIC,49.21%
BORNE,58%
BORON,54.25%
BOSOM,58%
BOSON,57.00%
BOSSY,58%
BOTCH,58%
BOUGH,55.07%
BOULE,52.03%
BOUND,58%
BOWED,0.13%
BOWEL,58%
BOWER,54.53%
BOXED,0.13%
BOXER,58%
BRACE,58%
BRAID,58%
BRAIN,58%
BRAKE,58%
BRAND,58%
BRASH,58%
BRASS,58%
BRAVA,49.42%
BRAVE,58%
BRAVO,58%
BRAWL,58%
BRAWN,58%
BREAD,58%
BREAK,58%
BREAM,56.99%
BREED,58%
BRIAR,54.33%
BRIBE,58%
BRICK,58%
BRIDE,58%
BRIEF,58%
BRIER,48.26%
BRINE,58%
BRING,58%
BRINK,58%
BRINY,58%
BRISK,58%
BROAD,58%
BROIL,58%
BROKE,58%
BRONC,48.76%
BROOD,58%
BROOK,58%
BROOM,58%
BROTH,58%
BROWN,58%
BRUIN,3.17%
BRUNT,58%
BRUSH,58%
BRUSK,0.53%
BRUTE,58%
BUDDY,58%
BUDGE,58%
BUGGY,58%
BUGLE,58%
BUILD,58%
BUILT,58%
BULGE,58%
BULGY,45.60%
BULKY,58%
BULLY,58%
BUMPY,58%
BUNCH,58%
BUNNY,58%
BURKA,46.61%
BURLY,58%
BURNT,58%
BURRO,54.49%
BURSA,45.60%
BURST,58%
BUSED,0.13%
BUSHY,58%
BUSTY,56.38%
BUTCH,57.54%
BUTTE,52.99%
BUXOM,57.67%
BUYER,58%
BUZZY,58%
BYLAW,56.91%
BYWAY,55.91%
CABAL,58%
CABBY,57.86%
CABIN,58%
CABLE,58%
CACAO,57.86%
CACHE,58%
CACTI,56.27%
CADDY,57.10%
CADET,58%
CADGE,53.96%
CADRE,58%
CAGED,0.13%
CAGEY,58%
CAIRN,54.68%
CAKED,0.13%
CALVE,52.51%
CAMEL,58%
CAMEO,58%
CAMPY,58%
CANAL,58%
CANDY,58%
CANED,0.13%
CANNY,58%
CANOE,58%
CANON,58%
CAPED,0.13%
CAPER,58%
CAPON,54.20%
CAPRI,56.27%
CAPUT,2.23%
CARAT,54.98%
CARED,0.13%
CARER,48.52%
CARET,2.23%
CARGO,58%
CARNY,55.36%
CAROB,54.20%
CAROL,56.93%
CAROM,56.71%
CARRY,58%
CARTE,58%
CARVE,58%
CASED,0.13%
CASTE,58%
CATCH,58%
CATER,58%
CATTY,57.71%
CAULK,58%
CAUSE,58%
CAVED,0.13%
CAVIL,54.33%
CAWED,0.13%
CEASE,58%
CEDAR,58%
CEDED,0.13%
CELEB,56.05%
CELLO,58%
CHAFE,58%
CHAFF,57.45%
CHAIN,58%
CHAIR,58%
CHALK,58%
CHAMP,58%
CHANT,58%
CHAOS,58%
CHARD,58%
CHARM,58%
CHART,58%
CHARY,53.64%
CHASE,58%
CHASM,58%
CHEAP,58%
CHEAT,58%
CHECK,58%
CHEEK,58%
CHEEP,40.26%
CHEER,58%
CHEMO,58.00%
CHESS,58%
CHEST,58%
CHEWY,58%
CHICK,58%
CHIDE,57.60%
CHIEF,58%
CHILD,58%
CHILE,58%
CHILI,58%
CHILL,58%
CHIME,58%
CHIMP,58%
CHINA,58%
CHINO,52.59%
CHIRP,58%
CHIVE,58%
CHOCK,57.47%
CHOIR,58%
CHOKE,58%
CHOMP,56.49%
CHORD,58%
CHORE,58%
CHOSE,58%
CHOUX,54.98%
CHUCK,57.92%
CHUMP,57.67%
CHUNK,58%
CHURL,46.01%
CHURN,58%
CHUTE,58%
CIDER,58%
CIGAR,58%
CILIA,51.82%
CINCH,58%
CIRCA,58%
CITED,0.13%
CIVET,54.95%
CIVIC,58%
CIVIL,58%
CLACK,56.30%
CLADE,34.85%
CLAIM,58%
CLAMP,58%
CLANG,58%
CLANK,58%
CLASH,58%
CLASP,58%
CLASS,58%
CLAVE,55.48%
CLEAN,58%
CLEAR,58%
CLEAT,56.40%
CLEFT,58%
CLERK,58%
CLICK,58%
CLIFF,58%
CLIMB,58%
CLIME,54.79%
CLING,58%
CLINK,58%
CLOAK,58%
CLOCK,58%
CLOMP,51.82%
CLONE,58%
CLOSE,58%
CLOTH,58%
CLOUD,58%
CLOUT,58%
CLOVE,58%
CLOWN,58%
CLUCK,55.54%
CLUED,0.13%
CLUMP,58%
CLUNG,58%
CLUNK,55.54%
COACH,58%
COAST,58%
COATI,42.47%
COBRA,58%
COCKY,58%
COCOA,58%
CODED,0.13%
CODER,58%
CODEX,54.33%
COLIC,56.00%
COLON,58%
COLOR,58%
COMBO,58%
COMET,58%
COMFY,58%
COMIC,58%
COMMA,58%
CONCH,57.98%
CONDO,58%
CONED,0.13%
CONGA,58%
CONIC,36.17%
COOED,0.13%
COPAY,41.80%
COPED,0.13%
COPSE,55.09%
CORAL,58%
CORED,0.13%
CORER,36.17%
CORGI,55.67%
CORKY,37.35%
CORNY,58%
CORPS,58%
COUCH,58%
COUGH,58%
COULD,58%
COUNT,58%
COUPE,58%
COURT,58%
COUTH,40.26%
COVEN,56.35%
COVER,58%
COVET,58%
COVEY,53.53%
COWED,0.13%
COWER,58%
COXED,0.13%
COYLY,58%
CRACK,58%
CRAFT,58%
CRAMP,58%
CRANE,58%
CRANK,58%
CRASH,58%
CRASS,58%
CRATE,58%
CRAVE,58%
CRAWL,58%
CRAZE,58%
CRAZY,58%
CREAK,57.55%
CREAM,58%
CREDO,58%
CREED,58%
CREEK,58%
CREEP,58%
CREMA,57.03%
CREME,58%
CREPE,58%
CREPT,58%
CRESS,54.53%
CREST,58%
CRICK,50.17%
CRIED,58%
CRIER,56.54%
CRIME,58%
CRIMP,58%
CRISP,58%
CROAK,58%
CROCK,58%
CRONE,56.20%
CRONY,58%
CROOK,58%
CROON,58%
CROSS,58%
CROUP,50.00%
CROWD,58%
CROWN,58%
CRUDE,58%
CRUEL,58%
CRUET,49.42%
CRUMB,58%
CRUMP,38.42%
CRUSH,58%
CRUST,58%
CRYPT,58%
CUBBY,55.92%
CUBED,0.13%
CUBIC,58%
CUBIT,39.38%
CUING,55.36%
CUMIN,58%
CUPID,53.91%
CURED,0.13%
CURER,2.23%
CURIA,51.22%
CURIO,57.70%
CURLY,58%
CURRY,58%
CURSE,58%
CURVE,58%
CURVY,58%
CUSHY,58%
CUTER,57.17%
CUTIE,56.21%
CUTUP,56.65%
CYBER,58%
CYCLE,58%
CYNIC,58%
DACHA,56.88%
DADDY,58%
DAFFY,58%
DAILY,58%
DAIRY,58%
DAISY,58%
DALLY,54.79%
DANCE,58%
DANDY,58%
DARED,0.13%
DATED,0.13%
DATER,54.42%
DATUM,51.59%
DAUNT,55.23%
DAZED,0.13%
DEALT,58%
DEATH,58%
DEBAR,3.34%
DEBIT,58%
DEBUG,53.59%
DEBUT,58%
DECAF,57.10%
DECAL,57.36%
DECAY,58%
DECOR,58%
DECOY,58%
DECRY,58%
DEFER,58%
DEFOG,2.52%
DEIFY,53.34%
DEIGN,57.19%
DEIST,45.17%
DEITY,58%
DELAY,58%
DELTA,58%
DELVE,58%
DEMON,58%
DEMUR,56.73%
DENIM,58%
DENSE,58%
DEPOT,58%
DEPTH,58%
DERBY,58%
DETER,58%
DETOX,58%
DEUCE,57.97%
DEVIL,58%
DIARY,58%
DICED,0.13%
DICER,2.98%
DICEY,58%
DIGIT,58%
DIKED,0.13%
DILLY,44.71%
DIMLY,58%
DINED,0.13%
DINER,58%
DINGO,52.23%
DINGY,58%
DINKY,56.74%
DIODE,56.98%
DIPPY,55.15%
DIRGE,57.85%
DIRTY,58%
DISCO,58%
DISHY,56.81%
DITCH,58%
DITSY,56.94%
DITTO,57.96%
DITTY,58%
DITZY,56.75%
DIVAN,56.37%
DIVED,0.13%
DIVER,58%
DIVOT,56.14%
DIVVY,57.62%
DIZZY,58%
DODGE,58%
DODGY,58%
DOGGY,57.71%
DOGMA,58%
DOILY,54.65%
DOING,58%
DOLED,0.13%
DOLLY,57.22%
DOMED,58%
DONOR,58%
DONUT,58%
DOOZY,57.83%
DOPED,0.13%
DOPER,52.23%
DOPEY,58%
DORKY,57.58%
DOSED,0.13%
DOTED,0.13%
DOTTY,57.10%
DOUBT,58%
DOUGH,58%
DOULA,56.65%
DOUSE,58%
DOWDY,58%
DOWEL,53.70%
DOWNY,57.15%
DOWRY,57.61%
DOWSE,3.17%
DOZED,0.13%
DOZEN,58%
DOZER,39.38%
DRAFT,58%
DRAIN,58%
DRAKE,48.52%
DRAMA,58%
DRANK,58%
DRAPE,58%
DRAWL,58%
DRAWN,58%
DREAD,58%
DREAM,58%
DRECK,55.50%
DRESS,58%
DRIED,58%
DRIER,58%
DRIFT,58%
DRILL,58%
DRINK,58%
DRIVE,58%
DROID,54.25%
DROIT,54.25%
DROLL,58%
DRONE,58%
DROOL,58%
DROOP,58%
DROSS,56.73%
DROVE,58%
DROWN,58%
DRUID,52.84%
DRUNK,58%
DRYER,58%
DRYLY,58%
DUCAT,3.17%
DUCHY,54.33%
DUCKY,53.86%
DUKED,0.13%
DULLY,56.71%
DUMMY,58%
DUMPY,57.15%
DUNCE,56.54%
DUPED,0.13%
DUSKY,58%
DUSTY,58%
DUTCH,49.62%
DUVET,57.80%
DWARF,58%
DWEEB,53.59%
DWELL,58%
DWELT,57.32%
DYING,58%
EAGER,58%
EAGLE,58%
EARED,0.13%
EARLY,58%
EARTH,58%
EASED,0.13%
EASEL,58%
EATEN,58%
EATER,58%
EBBED,0.13%
EBONY,58%
EBOOK,51.22%
ECLAT,52.42%
EDEMA,56.46%
EDGED,0.13%
EDGER,40.26%
EDICT,58%
EDIFY,53.91%
EDUCE,1.05%
EERIE,58%
EGGED,0.13%
EGRET,55.96%
EIDER,45.60%
EIGHT,58%
EJECT,58%
EKING,57.69%
ELATE,43.10%
ELBOW,58%
ELDER,58%
ELECT,58%
ELEGY,58%
ELFIN,57.78%
ELIDE,55.91%
ELITE,58%
ELOPE,55.96%
ELUDE,58%
EMAIL,58%
EMBED,58%
EMBER,58%
EMCEE,56.49%
EMERY,52.13%
EMOJI,58%
EMOTE,56.94%
EMPTY,58%
ENACT,58%
ENDED,0.13%
ENDOW,58%
ENEMA,55.23%
ENEMY,58%
ENJOY,58%
ENNUI,58%
ENSUE,58%
ENTER,58%
ENTRY,58%
ENVOY,58%
EPOCH,58%
EPOXY,57.66%
EQUAL,58%
EQUIP,58%
ERASE,58%
ERECT,58%
ERODE,58%
ERRED,0.13%
ERROR,58%
ERUPT,58%
ESSAY,58%
ESTER,45.17%
ETHER,58%
ETHIC,58%
ETHOS,58%
ETHYL,54.37%
ETUDE,56.07%
EVADE,58%
EVENT,58%
EVERT,1.05%
EVERY,58%
EVICT,58%
EVOKE,58%
EXACT,58%
EXALT,57.26%
EXCEL,58%
EXERT,58%
EXILE,58%
EXIST,58%
EXPAT,58%
EXPEL,58%
EXTOL,58%
EXTRA,58%
EXUDE,58%
EXULT,57.03%
EXURB,55.33%
EYING,56.66%
FABLE,58%
FACED,0.13%
FACET,58%
FADED,0.13%
FADER,40.26%
FAINT,58%
FAIRY,58%
FAITH,58%
FAKED,0.13%
FAKER,54.37%
FAKIR,43.10%
FALSE,58%
FAMED,58%
FANCY,58%
FARCE,58%
FARED,0.13%
FATAL,58%
FATED,0.13%
FATTY,58%
FATWA,58%
FAULT,58%
FAUNA,58%
FAVOR,58%
FAXED,0.13%
FAZED,0.13%
FEAST,58%
FECAL,58%
FECES,55.90%
FEIGN,57.98%
FEINT,57.53%
FELLA,57.55%
FELON,58%
FEMME,54.91%
FEMUR,57.81%
FENCE,58%
FERAL,58%
FERRY,58%
FETAL,58%
FETCH,58%
FETED,0.13%
FETID,58%
FETUS,58%
FEVER,58%
FEWER,58%
FIBER,58%
FICUS,56.70%
FIELD,58%
FIEND,58%
FIERY,58%
FIFTH,58%
FIFTY,58%
FIGHT,58%
FILCH,52.51%
FILED,0.13%
FILER,55.67%
FILET,58%
FILLY,58%
FILMY,57.40%
FILTH,58%
FINAL,58%
FINCH,55.91%
FINED,0.13%
FINER,58%
FIRED,0.13%
FIRST,58%
FIRTH,0.71%
FISHY,58%
FIXED,0.13%
FIXER,58%
FIZZY,58%
FJORD,57.08%
FLACK,56.81%
FLAIL,58%
FLAIR,58%
FLAKE,58%
FLAKY,58%
FLAME,58%
FLANK,58%
FLARE,58%
FLASH,58%
FLASK,58%
FLECK,55.31%
FLEET,58%
FLESH,58%
FLICK,58%
FLIED,0.13%
FLIER,58%
FLING,58%
FLINT,57.07%
FLIRT,58%
FLOAT,58%
FLOCK,58%
FLOOD,58%
FLOOR,58%
FLORA,58%
FLOSS,58%
FLOUR,58%
FLOUT,58%
FLOWN,58%
FLOWY,54.72%
FLUFF,58%
FLUID,58%
FLUKE,58%
FLUKY,56.78%
FLUME,52.33%
FLUNG,58%
FLUNK,58%
FLUSH,58%
FLUTE,58%
FLYBY,57.00%
FLYER,58%
FOAMY,57.83%
FOCAL,58%
FOCUS,58%
FOGEY,50.50%
FOGGY,58%
FOIST,57.36%
FOLIC,56.77%
FOLIO,55.84%
FOLKY,57.97%
FOLLY,58%
FORAY,58%
FORCE,58%
FORGE,58%
FORGO,58%
FORTE,58%
FORTH,58%
FORTY,58%
FORUM,58%
FOUND,58%
FOUNT,57.35%
FOYER,58%
FRACK,52.03%
FRAIL,58%
FRAME,58%
FRANC,58%
FRANK,58%
FRAUD,58%
FREAK,58%
FREED,58%
FREER,58%
FRESH,58%
FRIAR,57.27%
FRIED,58%
FRILL,56.20%
FRISE,54.79%
FRISK,58%
FRITZ,55.73%
FRIZZ,55.18%
FROCK,58%
FROND,54.95%
FRONT,58%
FROSH,38.42%
FROST,58%
FROTH,58%
FROWN,58%
FROZE,58%
FRUIT,58%
FRUMP,50.50%
FRYER,57.90%
FUDGE,58%
FUDGY,56.27%
FUGAL,54.33%
FUGUE,58%
FULLY,58%
FUMED,0.13%
FUNGI,58%
FUNGO,53.20%
FUNKY,58%
FUNNY,58%
FUROR,58%
FURRY,58%
FUSED,0.13%
FUSSY,58%
FUSTY,57.99%
FUTON,57.78%
FUZZY,58%
GABBY,55.26%
GABLE,56.47%
GAFFE,58%
GAILY,57.24%
GAMED,0.13%
GAMER,58%
GAMEY,54.16%
GAMMA,57.56%
GAMUT,58%
GAPED,0.13%
GASSY,55.63%
GATED,58%
GATOR,58%
GAUDY,58%
GAUGE,58%
GAUNT,58%
GAUZE,58%
GAUZY,58%
GAVEL,58%
GAWKY,57.99%
GAYER,52.23%
GAYLY,1.90%
GAZED,0.13%
GAZER,48.52%
GECKO,56.45%
GEEKY,58%
GEESE,58%
GENIE,58%
GENRE,58%
GEODE,52.42%
GERMY,50.50%
GETUP,54.25%
GHOST,58%
GHOUL,56.02%
GIANT,58%
GIBED,0.13%
GIDDY,58%
GIMME,57.08%
GIRLY,57.86%
GIRTH,58%
GIVEN,58%
GIVER,58%
GIZMO,57.84%
GLACE,54.11%
GLADE,56.52%
GLAMP,2.52%
GLAND,58%
GLARE,58%
GLASS,58%
GLAZE,58%
GLEAM,58%
GLEAN,58%
GLIDE,58%
GLINT,58%
GLITZ,58%
GLOAM,1.90%
GLOAT,58%
GLOBE,58%
GLOOM,58%
GLOOP,44.21%
GLORY,58%
GLOSS,58%
GLOVE,58%
GLOWY,52.99%
GLUED,0.13%
GLUEY,56.45%
GLUTE,45.60%
GLYPH,51.35%
GNARL,42.47%
GNASH,53.91%
GNOME,58%
GODLY,57.44%
GOFER,56.44%
GOING,58%
GOLEM,54.53%
GOLLY,57.03%
GONAD,36.17%
GONER,56.65%
GONNA,58%
GONZO,57.93%
GOODY,57.73%
GOOEY,58%
GOOFY,58%
GOOPY,55.89%
GOOSE,58%
GORED,0.13%
GORGE,58%
GORSE,53.64%
GOTTA,58%
GOUGE,57.58%
GOURD,57.53%
GRACE,58%
GRADE,58%
GRAFT,58%
GRAIL,58%
GRAIN,58%
GRAND,58%
GRANT,58%
GRAPE,58%
GRAPH,58%
GRASP,58%
GRASS,58%
GRATE,58%
GRAVE,58%
GRAVY,58%
GRAZE,58%
GREAT,58%
GREED,58%
GREEN,58%
GREET,58%
GRIEF,58%
GRIFT,55.65%
GRILL,58%
GRIME,58%
GRIMY,58%
GRIND,58%
GRIPE,58%
GRIST,58%
GROAN,58%
GROIN,56.12%
GROOM,58%
GROPE,57.76%
GROSS,58%
GROUP,58%
GROUT,56.77%
GROVE,58%
GROWL,58%
GROWN,58%
GRUEL,57.29%
GRUFF,58%
GRUMP,55.38%
GRUNT,58%
GUANO,56.11%
GUARD,58%
GUAVA,57.71%
GUESS,58%
GUEST,58%
GUIDE,58%
GUILD,58%
GUILE,58%
GUILT,58%
GUISE,58%
GULAG,58%
GULCH,53.40%
GULLY,56.91%
GUMBO,58%
GUMMY,58%
GUNKY,49.21%
GUPPY,52.23%
GUSHY,56.45%
GUSSY,55.09%
GUSTO,58%
GUSTY,57.92%
GUTSY,58%
GUTTY,52.33%
HABIT,58%
HACKY,53.91%
HAIKU,58%
HAIRY,58%
HALAL,58%
HALVE,58%
HAMMY,57.61%
HANDY,58%
HANKY,51.22%
HAPPY,58%
HARDY,58%
HAREM,58%
HARPY,54.95%
HARRY,49.21%
HARSH,58%
HASTE,58%
HASTY,58%
HATCH,58%
HATED,0.13%
HATER,57.64%
HAUNT,58%
HAUTE,58%
HAVEN,58%
HAVOC,58%
HAZED,0.13%
HAZEL,58%
HEADY,58%
HEARD,58%
HEART,58%
HEATH,58%
HEAVE,58%
HEAVY,58%
HEDGE,58%
HEFTY,58%
HEIST,58%
HELIX,57.55%
HELLO,58%
HENCE,58%
HENNA,57.08%
HERON,58%
HERTZ,55.04%
HEWED,0.13%
HEXED,0.13%
HIDER,41.06%
HIJAB,58%
HIKED,0.13%
HIKER,58%
HILLY,58%
HINGE,58%
HINKY,43.67%
HIPPO,58%
HIPPY,54.72%
HIRED,0.13%
HIRER,34.85%
HISSY,56.73%
HITCH,58%
HIVED,0.13%
HOARD,58%
HOARY,58%
HOBBY,58%
HOCUS,39.38%
HOIST,58%
HOKEY,58%
HOKUM,57.39%
HOLED,0.13%
HOLEY,53.06%
HOLLY,57.56%
HOMED,0.13%
HOMER,58%
HOMEY,58%
HONED,0.13%
HONEY,58%
HONOR,58%
HOOCH,55.99%
HOODY,39.38%
HOOEY,56.46%
HOOKY,57.67%
HOPED,0.13%
HOPPY,55.54%
HORDE,58%
HORNY,57.54%
HORSE,58%
HOSED,0.13%
HOTEL,58%
HOTLY,58%
HOUND,58%
HOUSE,58%
HOVEL,56.63%
HOVER,58%
HOWDY,52.76%
HUBBY,56.04%
HUFFY,55.74%
HUGGY,50.95%
HULKY,38.42%
HUMAN,58%
HUMID,58%
HUMOR,58%
HUMPH,2.52%
HUMUS,52.33%
HUNCH,58%
HUNKY,58%
HURRY,58%
HUSKY,58%
HUSSY,52.23%
HUTCH,56.31%
HYDRA,55.50%
HYDRO,56.96%
HYENA,58%
HYMEN,53.40%
HYPED,0.13%
HYPER,58%
ICIER,51.93%
ICILY,56.96%
ICING,58%
IDEAL,58%
IDIOM,58%
IDIOT,58%
IDLED,0.13%
IDLER,51.22%
IDYLL,58%
IGLOO,57.19%
ILIAC,2.98%
IMAGE,58%
IMBED,0.13%
IMBUE,58%
IMPEL,56.63%
IMPLY,58%
INANE,58%
INAPT,55.28%
INBOX,58%
INCEL,52.99%
INCUR,58%
INDEX,58%
INDIE,58%
INEPT,58%
INERT,58%
INFER,58%
INGOT,50.95%
INKED,0.13%
INLAY,57.08%
INLET,58%
INNER,58%
INPUT,58%
INSET,58%
INTEL,57.69%
INTER,56.84%
INTRO,58%
INURE,52.59%
IONIC,50.17%
IRATE,58%
IRKED,0.13%
IRONY,58%
ISLET,56.62%
ISSUE,58%
ITCHY,58%
IVIED,47.99%
IVORY,58%
JADED,58%
JAMMY,57.60%
JANKY,51.35%
JAUNT,58%
JAWED,0.13%
JAZZY,58%
JELLY,58%
JERKY,58%
JETTY,57.42%
JEWEL,58%
JIBED,0.13%
JIFFY,58%
JIMMY,50.00%
JOINT,58%
JOIST,48.76%
JOKED,0.13%
JOKER,58%
JOKEY,58%
JOLLY,58%
JOULE,37.35%
JOUST,57.19%
JOWLY,56.67%
JUDGE,58%
JUDGY,46.75%
JUICE,58%
JUICY,58%
JUKED,0.13%
JULEP,56.32%
JUMBO,58%
JUMPY,58%
JUNKY,56.90%
JUNTA,58%
JUNTO,46.01%
JUROR,58%
KABOB,46.39%
KAPPA,44.71%
KAPUT,56.68%
KARAT,49.81%
KARMA,58%
KAYAK,58%
KAZOO,56.22%
KEBAB,58%
KEFIR,53.59%
KEMPT,50.34%
KEYED,0.13%
KHAKI,58%
KIDDO,55.33%
KINDA,58%
KINKY,58%
KIOSK,58%
KISSY,51.22%
KITTY,58%
KLUTZ,55.28%
KNACK,58%
KNAVE,52.13%
KNEAD,58%
KNEED,0.13%
KNEEL,58%
KNELL,58%
KNELT,58%
KNIFE,58%
KNISH,55.38%
KNOCK,58%
KNOLL,58%
KNOWN,58%
KOALA,58%
KOOKY,58%
KORAN,0.13%
KRILL,56.45%
KUDOS,58%
KUDZU,56.96%
KUGEL,56.64%
KVELL,47.99%
LABEL,58%
LABOR,58%
LACED,0.13%
LACEY,49.21%
LADEN,58%
LADLE,58%
LAGER,57.94%
LAITY,57.70%
LAMED,0.13%
LAMER,47.70%
LANCE,58%
LANKY,58%
LAPEL,58%
LAPSE,58%
LARCH,55.26%
LARGE,58%
LARVA,56.18%
LASER,58%
LASSO,58%
LATCH,58%
LATER,58%
LATEX,58%
LATHE,56.86%
LATKE,55.56%
LATTE,58%
LAUGH,58%
LAVED,0.13%
LAYER,58%
LAYUP,58%
LAZED,0.13%
LEACH,57.59%
LEAFY,58%
LEAKY,58%
LEANT,43.67%
LEAPT,58%
LEARN,58%
LEASE,58%
LEASH,58%
LEAST,58%
LEAVE,58%
LEDGE,58%
LEECH,56.27%
LEERY,58%
LEFTY,58%
LEGAL,58%
LEGGY,57.95%
LEGIT,58%
LEMMA,2.23%
LEMON,58%
LEMUR,55.65%
LEPER,56.79%
LETUP,57.08%
LEVEE,58%
LEVEL,58%
LEVER,58%
LEXIS,2.77%
LIBEL,58%
LICIT,54.20%
LIEGE,48.76%
LIFER,57.95%
LIGHT,58%
LIKED,0.13%
LIKEN,58%
LILAC,58%
LIMBO,58%
LIMIT,58%
LINED,0.13%
LINEN,58%
LINER,58%
LINGO,58%
LIPID,56.41%
LIPPY,50.34%
LITER,57.16%
LITHE,58%
LITRE,25.59%
LIVED,0.13%
LIVEN,57.76%
LIVER,58%
LIVID,58%
LLAMA,58%
LOAMY,56.42%
LOATH,58%
LOBBY,58%
LOBED,0.13%
LOCAL,58%
LOCUS,58%
LODGE,58%
LOESS,46.39%
LOFTY,58%
LOGIC,58%
LOGIN,57.89%
LOGON,44.21%
LOLLY,38.42%
LONER,58%
LOONY,58%
LOOPY,58%
LOOSE,58%
LOPED,0.13%
LORDY,45.17%
LORIS,47.09%
LORRY,52.23%
LOSER,58%
LOTTO,55.01%
LOTUS,58%
LOUPE,53.70%
LOUSE,55.56%
LOUSY,58%
LOVED,0.13%
LOVER,58%
LOWER,58%
LOWLY,58%
LOYAL,58%
LUBED,0.13%
LUCID,58%
LUCKY,58%
LUCRE,57.12%
LUGER,54.72%
LUMEN,41.80%
LUMPY,58%
LUNAR,58%
LUNCH,58%
LUNGE,58%
LUPUS,58%
LURCH,58%
LURED,0.13%
LURID,58%
LUSTY,58%
LUTED,0.13%
LYING,58%
LYMPH,58%
LYRIC,58%
MACAW,56.00%
MACHO,58%
MACRO,58%
MADAM,57.82%
MADLY,58%
MAFIA,58%
MAGIC,58%
MAGMA,57.14%
MAIZE,57.86%
MAJOR,58%
MAKER,58%
MALIC,47.40%
MALTY,55.41%
MAMBA,48.52%
MAMBO,57.80%
MAMMA,52.59%
MANGA,58%
MANGE,52.33%
MANGO,58%
MANGY,56.52%
MANIA,58%
MANIC,58%
MANLY,58%
MANNA,57.22%
MANOR,58%
MANSE,57.31%
MAPLE,58%
MARCH,58%
MARRY,58%
MARSH,58%
MASON,58%
MASSE,58%
MATCH,58%
MATED,0.13%
MATEY,49.21%
MATTE,58%
MATZO,58%
MAUVE,58%
MAVEN,58%
MAXED,0.13%
MAXIM,58%
MAYBE,58%
MAYOR,58%
MEALY,56.95%
MEANT,58%
MEATY,58%
MECCA,58%
MEDAL,58%
MEDIA,58%
MEDIC,58%
MELEE,58%
MELON,58%
MELTY,54.16%
MERCH,57.41%
MERCY,58%
MERGE,58%
MERIT,58%
MERRY,58%
MESHY,1.51%
MESSY,58%
METAL,58%
METED,0.13%
METER,58%
METRE,36.01%
METRO,58%
MEWED,0.13%
MEZZO,57.80%
MICRO,58%
MIDGE,50.66%
MIDST,58%
MIGHT,58%
MIKED,0.13%
MILER,55.92%
MILKY,58%
MIMED,0.13%
MIMIC,58%
MINCE,58%
MINED,0.13%
MINER,58%
MINIM,1.90%
MINOR,58%
MINTY,58%
MINUS,58%
MIRED,0.13%
MIRIN,56.60%
MIRTH,57.80%
MISER,55.58%
MISSY,41.80%
MISTY,58%
MITER,55.74%
MIXED,0.13%
MIXER,58%
MIXUP,53.34%
MOCHA,57.71%
MOCHI,56.58%
MODAL,58%
MODEL,58%
MODEM,58%
MODUS,58%
MOGUL,58%
MOIST,58%
MOLAR,58%
MOLDY,58%
MOLLY,52.03%
MOMMA,56.26%
MOMMY,58%
MONEY,58%
MONTH,58%
MOOCH,53.70%
MOODY,58%
MOOED,0.13%
MOONY,56.10%
MOOSE,58%
MOPED,58%
MOPER,37.35%
MOPEY,57.33%
MORAL,58%
MORAY,53.81%
MOREL,56.27%
MORON,58%
MORPH,58%
MOSEY,55.18%
MOSSY,58%
MOTEL,58%
MOTIF,58%
MOTOR,58%
MOTTO,58%
MOULD,51.22%
MOULT,0.84%
MOUND,58%
MOUNT,58%
MOURN,58%
MOUSE,58%
MOUSY,57.40%
MOUTH,58%
MOVED,0.13%
MOVER,58%
MOVIE,58%
MOWED,0.13%
MOWER,58%
MOXIE,58%
MUCKY,56.31%
MUCUS,58%
MUDDY,58%
MUGGY,58%
MULCH,58%
MUMMY,58%
MUNCH,58%
MURAL,58%
MURKY,58%
MUSED,0.13%
MUSHY,58%
MUSIC,58%
MUSKY,57.66%
MUSTY,58%
MUTED,0.13%
MYRRH,54.65%
NABOB,45.17%
NACHO,55.41%
NADIR,58%
NAGGY,2.98%
NAIVE,58%
NAKED,58%
NAMED,0.13%
NANNY,58%
NAPPY,53.70%
NASAL,58%
NASTY,58%
NATAL,55.58%
NATTY,58%
NAVAL,58%
NAVEL,58%
NEEDY,58%
NEIGH,47.99%
NERDY,58%
NERVE,58%
NERVY,58%
NEVER,58%
NEWER,58%
NEWLY,58%
NEWSY,56.87%
NEXUS,58%
NICER,58%
NICHE,58%
NIECE,58%
NIFTY,58%
NIGHT,58%
NINJA,57.67%
NINNY,54.72%
NINTH,58%
NIPPY,56.05%
NITRO,51.22%
NIXED,0.13%
NOBLE,58%
NOBLY,58%
NODAL,46.75%
NOISE,58%
NOISY,58%
NOMAD,58%
NOOSE,58%
NORTH,58%
NOSED,0.13%
NOSEY,44.71%
NOTCH,58%
NOTED,0.13%
NOVEL,58%
NUDGE,58%
NUKED,0.13%
NURSE,58%
NUTSO,51.71%
NUTTY,58%
NYLON,58%
NYMPH,58%
OAKEN,53.34%
OARED,0.13%
OASIS,58%
OBESE,58%
OCCUR,58%
OCEAN,58%
OCHER,57.89%
OCHRE,56.84%
OCTAL,1.90%
OCTET,57.10%
ODDER,58%
ODDLY,58%
OFFAL,57.55%
OFFED,0.13%
OFFER,58%
OFTEN,58%
OGLED,0.13%
OGLER,3.34%
OILED,0.13%
OILER,48.99%
OKAPI,47.99%
OLDEN,57.32%
OLDER,58%
OLDIE,56.91%
OLIVE,58%
OMBRE,56.99%
OMEGA,56.10%
ONION,58%
ONSET,58%
OOMPH,58%
OOZED,0.13%
OPERA,58%
OPINE,57.66%
OPIUM,58%
OPTED,0.13%
OPTIC,58%
ORATE,48.52%
ORBED,0.13%
ORBIT,58%
ORDER,58%
ORGAN,58%
OTHER,58%
OTTER,58%
OUGHT,58%
OUIJA,36.17%
OUNCE,58%
OUTDO,58%
OUTED,0.13%
OUTER,58%
OUTGO,39.38%
OUTRE,58%
OVARY,56.89%
OVATE,2.98%
OVERT,58%
OVINE,48.26%
OVOID,56.32%
OWING,58%
OWNED,0.13%
OWNER,58%
OXBOW,49.42%
OXIDE,58%
OZONE,58%
PACED,0.13%
PACER,52.33%
PADDY,57.59%
PADRE,50.95%
PAEAN,58%
PAGAN,58%
PAGED,0.13%
PAGER,58%
PAINT,58%
PALED,0.13%
PALER,57.43%
PALSY,58%
PANDA,58%
PANEL,58%
PANIC,58%
PANKO,57.18%
PANSY,54.92%
PANTY,55.87%
PAPAL,58%
PAPER,58%
PARCH,43.10%
PARED,0.13%
PARER,36.17%
PARKA,58%
PARRY,57.77%
PARSE,58%
PARTY,58%
PASSE,58%
PASTA,58%
PASTE,58%
PASTY,57.67%
PATCH,58%
PATIO,58%
PATSY,56.87%
PATTY,58%
PAUSE,58%
PAVED,0.13%
PAVER,52.03%
PAWED,0.13%
PAYEE,50.00%
PAYER,57.75%
PEACE,58%
PEACH,58%
PEARL,58%
PEATY,53.91%
PECAN,58%
PEDAL,58%
PEEVE,57.33%
PENAL,58%
PENCE,58%
PENNE,57.99%
PENNY,58%
PEONY,56.95%
PEPPY,58%
PERCH,58%
PERIL,58%
PERKY,58%
PESKY,58%
PESTO,58%
PETAL,58%
PETER,57.56%
PETIT,58%
PETRI,58%
PETTY,58%
PHAGE,47.09%
PHASE,58%
PHISH,46.01%
PHONE,58%
PHONY,58%
PHOTO,58%
PIANO,58%
PICKY,58%
PIECE,58%
PIETY,58%
PIGGY,58%
PIKED,0.13%
PIKER,50.66%
PILAF,57.50%
PILED,0.13%
PILOT,58%
PINCH,58%
PINED,0.13%
PINEY,57.07%
PINKY,57.25%
PINOT,58%
PINTO,56.70%
PINUP,58%
PIOUS,58%
PIPED,0.13%
PIPER,57.52%
PIPET,1.05%
PIQUE,58%
PISTE,53.06%
PITCH,58%
PITHY,58%
PIVOT,58%
PIXEL,57.87%
PIXIE,58%
PIZZA,58%
PLACE,58%
PLAID,58%
PLAIN,58%
PLAIT,54.33%
PLANE,58%
PLANK,58%
PLANT,58%
PLASM,3.34%
PLATE,58%
PLAYA,53.06%
PLAZA,58%
PLEAD,58%
PLEAT,55.48%
PLEBE,52.92%
PLIED,0.13%
PLIER,1.51%
PLINK,54.49%
PLONK,55.28%
PLUCK,58%
PLUMB,58%
PLUME,58%
PLUMP,58%
PLUNK,57.86%
PLUSH,58%
POACH,58%
POESY,47.09%
POINT,58%
POISE,58%
POKED,0.13%
POKER,58%
POKEY,56.66%
POLAR,58%
POLED,0.13%
POLIO,58%
POLIS,53.06%
POLKA,58%
POLYP,55.52%
POOCH,57.62%
POOFY,54.75%
POPPY,58%
POPUP,54.68%
PORCH,58%
PORED,0.13%
PORGY,55.15%
PORKY,56.24%
POSED,0.13%
POSER,53.53%
POSIT,57.90%
POSSE,58%
POTTY,57.85%
POUCH,58%
POUND,58%
POUTY,57.47%
POWER,58%
PRANK,58%
PRAWN,57.24%
PREEN,57.60%
PRESS,58%
PRICE,58%
PRICK,52.98%
PRICY,52.51%
PRIDE,58%
PRIED,58%
PRIMA,58%
PRIME,58%
PRIMO,55.94%
PRIMP,53.76%
PRINT,58%
PRION,54.65%
PRIOR,58%
PRISE,49.62%
PRISM,58%
PRIVY,58%
PRIZE,58%
PROBE,58%
PROLE,44.21%
PROMO,58%
PRONE,58%
PRONG,58%
PROOF,58%
PROSE,58%
PROUD,58%
PROVE,58%
PROWL,58%
PROXY,58%
PRUDE,58%
PRUNE,58%
PSALM,58%
PSYCH,57.53%
PUBIC,57.93%
PUDGE,44.71%
PUDGY,58%
PUFFY,58%
PUKED,0.13%
PULPY,58%
PULSE,58%
PUNCH,58%
PUNKY,57.61%
PUNNY,56.42%
PUPAE,53.06%
PUPIL,58%
PUPPY,58%
PUREE,58%
PURER,58%
PURGE,58%
PURSE,58%
PUSHY,58%
PUTTY,57.55%
PYGMY,57.27%
PYLON,56.66%
QUACK,58%
QUAFF,55.73%
QUAIL,58%
QUAKE,58%
QUALM,54.79%
QUANT,55.82%
QUARK,55.43%
QUART,58%
QUASH,58%
QUASI,58%
QUEEN,58%
QUEER,58%
QUELL,58%
QUERY,58%
QUESO,57.73%
QUEST,58%
QUEUE,58%
QUICK,58%
QUIET,58%
QUILL,58%
QUILT,58%
QUIRK,58%
QUITE,58%
QUOTA,58%
QUOTE,58%
QUOTH,46.39%
QURAN,0.27%
RABBI,58%
RABID,58%
RACED,0.13%
RACER,58%
RADAR,58%
RADII,44.71%
RADIO,58%
RADON,55.20%
RAGED,0.13%
RAGER,52.51%
RAINY,58%
RAISE,58%
RAJAH,48.99%
RAKED,0.13%
RALLY,58%
RALPH,2.77%
RAMEN,58%
RANCH,58%
RANDY,57.83%
RANGE,58%
RANGY,58%
RAPID,58%
RARER,58%
RASPY,58%
RATED,0.13%
RATER,48.76%
RATIO,58%
RATTY,58%
RAVED,0.13%
RAVEN,58%
RAVER,50.95%
RAYON,56.49%
RAZED,0.13%
RAZOR,58%
REACH,58%
REACT,58%
READY,58%
REALM,58%
REARM,56.67%
REBAR,57.48%
REBEL,58%
REBID,55.99%
REBUS,57.01%
REBUT,58%
REBUY,2.52%
RECAP,58%
RECON,53.14%
RECUR,58%
RECUT,56.49%
REDID,57.53%
REDUB,2.23%
REDUX,57.67%
REEDY,58%
REFER,58%
REFIT,56.07%
REFRY,1.90%
REGAL,58%
REHAB,58%
REIFY,50.34%
REIGN,58%
REIKI,55.33%
RELAX,58%
RELAY,58%
RELIC,58%
RELIT,47.09%
REMAP,52.13%
REMIT,57.38%
REMIX,58%
RENAL,57.85%
RENEW,58%
REPAY,58%
REPEL,58%
REPLY,58%
REPOT,49.21%
RERAN,51.22%
RERUN,58%
RESAW,1.05%
RESET,58%
RESIN,58%
RETAG,1.05%
RETCH,52.42%
RETIE,44.71%
RETRO,58%
RETRY,57.99%
REUSE,58%
REVEL,58%
REVUE,58%
RHEUM,2.77%
RHINO,58%
RHYME,58%
RICIN,56.96%
RIDER,58%
RIDGE,58%
RIFLE,58%
RIGHT,58%
RIGID,58%
RIGOR,58%
RILED,0.13%
RINSE,58%
RIPEN,58%
RIPER,56.36%
RISEN,58%
RISER,57.85%
RISKY,58%
RITZY,57.57%
RIVAL,58%
RIVEN,58%
RIVER,58%
RIVET,56.57%
ROACH,58%
ROAST,58%
ROBED,0.13%
ROBIN,58%
ROBOT,58%
ROCKY,58%
RODEO,58%
ROGER,2.52%
ROGUE,58%
ROMAN,57.22%
ROOMY,58%
ROOST,58%
ROPED,0.13%
ROPER,47.09%
ROSIN,55.12%
ROTOR,57.28%
ROUGE,57.48%
ROUGH,58%
ROUND,58%
ROUSE,58%
ROUST,54.79%
ROUTE,58%
ROVED,0.13%
ROVER,58%
ROWDY,58%
ROWED,0.13%
ROWER,57.23%
ROYAL,58%
RUBLE,58%
RUDDY,58%
RUDER,54.20%
RUGBY,58%
RUING,55.38%
RULED,0.13%
RULER,58%
RUMBA,57.90%
RUMMY,56.47%
RUMOR,58%
RUNNY,58%
RUNUP,56.24%
RUPEE,57.70%
RURAL,58%
RUSTY,58%
SABER,56.67%
SABLE,57.67%
SABRE,42.48%
SADLY,58%
SAFER,58%
SAGGY,56.90%
SAINT,58%
SALAD,58%
SALLY,55.74%
SALON,58%
SALSA,58%
SALTY,58%
SALVE,58%
SALVO,58%
SAMBA,58%
SAMEY,40.26%
SANDY,58%
SANER,57.42%
SAPPY,58%
SASSY,58%
SATAY,57.03%
SATED,0.13%
SATIN,58%
SATYR,56.31%
SAUCE,58%
SAUCY,58%
SAUNA,58%
SAUTE,58%
SAVED,0.13%
SAVER,58%
SAVOR,58%
SAVOY,54.53%
SAVVY,58%
SAWED,0.13%
SCALD,53.86%
SCALE,58%
SCALP,58%
SCALY,58%
SCAMP,55.96%
SCANT,58%
SCAPE,52.84%
SCARE,58%
SCARF,58%
SCARP,43.67%
SCARY,58%
SCENE,58%
SCENT,58%
SCHWA,38.42%
SCION,58%
SCOFF,58%
SCOLD,58%
SCONE,58%
SCOOP,58%
SCOOT,57.60%
SCOPE,58%
SCORE,58%
SCORN,58%
SCOUR,58%
SCOUT,58%
SCOWL,58%
SCRAM,52.68%
SCRAP,58%
SCREE,54.20%
SCREW,58%
SCRIM,58%
SCRIP,54.98%
SCROD,51.71%
SCRUB,58%
SCRUM,58%
SCUBA,58%
SCUFF,56.40%
SCULL,52.68%
SEAMY,57.89%
SEDAN,58%
SEDER,55.71%
SEDGE,53.96%
SEEDY,58%
SEGUE,58%
SEIZE,58%
SENSE,58%
SEPIA,57.98%
SERIF,55.31%
SERUM,58%
SERVE,58%
SETUP,58%
SEVEN,58%
SEVER,58%
SEWED,0.13%
SEWER,58%
SHACK,58%
SHADE,58%
SHADY,58%
SHAFT,58%
SHAKE,58%
SHAKY,58%
SHALE,58%
SHALL,58%
SHALT,57.55%
SHAME,58%
SHANK,58%
SHAPE,58%
SHARD,58%
SHARE,58%
SHARK,58%
SHARP,58%
SHAVE,58%
SHAWL,58%
SHEAF,58%
SHEAR,57.68%
SHEEN,58%
SHEEP,58%
SHEER,58%
SHEET,58%
SHEIK,58%
SHELF,58%
SHELL,58%
SHIED,58%
SHIFT,58%
SHILL,57.41%
SHINE,58%
SHINY,58%
SHIRE,50.81%
SHIRK,57.81%
SHIRT,58%
SHIVA,57.41%
SHOAL,55.61%
SHOCK,58%
SHOED,0.13%
SHONE,58%
SHOOK,58%
SHOOT,58%
SHORE,58%
SHORN,58%
SHORT,58%
SHOUT,58%
SHOVE,58%
SHOWN,58%
SHOWY,58%
SHRED,58%
SHREW,56.44%
SHRUB,58%
SHRUG,58%
SHUCK,57.04%
SHUNT,56.91%
SHUSH,56.36%
SHYER,53.86%
SHYLY,58%
SIDED,0.13%
SIDLE,57.03%
SIEGE,58%
SIEVE,58%
SIGHT,58%
SIGMA,45.17%
SILKY,58%
SILLY,58%
SILTY,54.88%
SINCE,58%
SINEW,57.03%
SINGE,55.26%
SINUS,58%
SIRED,0.13%
SIREN,58%
SISSY,57.41%
SITAR,57.39%
SITED,0.13%
SITUP,40.26%
SIXTH,58%
SIXTY,58%
SIZED,0.13%
SKATE,58%
SKEET,56.54%
SKEIN,57.70%
SKIED,0.13%
SKIER,58%
SKIFF,57.63%
SKILL,58%
SKIMP,58%
SKIRT,58%
SKULK,56.18%
SKULL,58%
SKUNK,58%
SLACK,58%
SLAIN,58%
SLAKE,56.37%
SLANG,58%
SLANT,58%
SLASH,58%
SLATE,58%
SLEEK,58%
SLEEP,58%
SLEET,58%
SLEPT,58%
SLICE,58%
SLICK,58%
SLIDE,58%
SLIME,58%
SLIMY,58%
SLING,58%
SLINK,57.53%
SLOOP,57.00%
SLOPE,58%
SLOSH,56.47%
SLOTH,58%
SLUMP,58%
SLUNG,58%
SLUNK,57.19%
SLURP,58%
SLUSH,58%
SLYLY,58%
SMACK,58%
SMALL,58%
SMARM,53.40%
SMART,58%
SMASH,58%
SMEAR,58%
SMELL,58%
SMELT,56.73%
SMILE,58%
SMIRK,58%
SMITE,54.79%
SMITH,46.75%
SMOCK,57.71%
SMOKE,58%
SMOKY,58%
SMOTE,49.62%
SMUSH,50.34%
SNACK,58%
SNAFU,56.86%
SNAIL,58%
SNAKE,58%
SNAKY,56.20%
SNARE,58%
SNARF,36.17%
SNARK,57.90%
SNARL,58%
SNEAK,58%
SNEER,58%
SNIDE,58%
SNIFF,58%
SNIPE,57.02%
SNOOP,58%
SNOOT,46.75%
SNORE,58%
SNORT,58%
SNOUT,58%
SNOWY,58%
SNUCK,58%
SNUFF,58%
SOAPY,58%
SOBER,58%
SOFTY,56.11%
SOGGY,58%
SOLAR,58%
SOLED,0.13%
SOLID,58%
SOLVE,58%
SONAR,58%
SONIC,58%
SOOTH,51.48%
SOOTY,57.89%
SOPPY,54.98%
SORRY,58%
SOUND,58%
SOUPY,58%
SOUTH,58%
SOWED,0.13%
SOWER,43.67%
SPACE,58%
SPADE,58%
SPANK,58%
SPARE,58%
SPARK,58%
SPASM,58%
SPATE,58%
SPAWN,58%
SPEAK,58%
SPEAR,58%
SPECK,58%
SPEED,58%
SPELL,58%
SPELT,56.88%
SPEND,58%
SPENT,58%
SPERM,58%
SPICE,58%
SPICY,58%
SPIED,58%
SPIEL,57.97%
SPIFF,53.59%
SPIKE,58%
SPIKY,58%
SPILL,58%
SPILT,54.11%
SPINE,58%
SPINY,57.55%
SPIRE,58%
SPITE,58%
SPLAT,56.77%
SPLAY,55.65%
SPLIT,58%
SPOIL,58%
SPOKE,58%
SPOOF,58%
SPOOK,58%
SPOOL,57.19%
SPOON,58%
SPORE,58%
SPORK,51.59%
SPORT,58%
SPOUT,58%
SPRAY,58%
SPREE,58%
SPRIG,58%
SPUME,49.62%
SPUNK,57.95%
SPURN,58%
SPURT,58%
SQUAB,57.41%
SQUAD,58%
SQUAT,58%
SQUIB,55.54%
SQUID,58%
STACK,58%
STAFF,58%
STAGE,58%
STAID,58%
STAIN,58%
STAIR,58%
STAKE,58%
STALE,58%
STALK,58%
STALL,58%
STAMP,58%
STAND,58%
STANK,56.89%
STAPH,57.13%
STARE,58%
STARK,58%
START,58%
STASH,58%
STATE,58%
STAVE,58%
STEAD,58%
STEAK,58%
STEAL,58%
STEAM,58%
STEED,56.93%
STEEL,58%
STEEP,58%
STEER,58%
STEIN,55.20%
STELE,55.09%
STENO,51.59%
STENT,57.95%
STERN,58%
STICK,58%
STIFF,58%
STILE,44.71%
STILL,58%
STILT,56.96%
STING,58%
STINK,58%
STINT,58%
STOCK,58%
STOIC,58%
STOKE,58%
STOLE,58%
STOMA,36.17%
STOMP,58%
STONE,58%
STONY,58%
STOOD,58%
STOOL,58%
STOOP,58%
STORE,58%
STORK,58%
STORM,58%
STORY,58%
STOUT,58%
STOVE,58%
STRAP,58%
STRAW,58%
STRAY,58%
STREP,57.64%
STREW,53.40%
STRIP,58%
STRUM,57.35%
STRUT,58%
STUCK,58%
STUDY,58%
STUFF,58%
STUMP,58%
STUNG,58%
STUNK,57.44%
STUNT,58%
STYLE,58%
SUAVE,58%
SUDSY,56.74%
SUEDE,58%
SUGAR,58%
SUING,58%
SUITE,58%
SULKY,57.33%
SULLY,57.68%
SUMAC,57.55%
SUNNY,58%
SUNUP,56.27%
SUPER,58%
SURER,57.79%
SURGE,58%
SURLY,58%
SUSHI,58%
SWAIN,54.06%
SWALE,52.42%
SWAMI,54.79%
SWAMP,58%
SWANG,2.52%
SWANK,58%
SWARM,58%
SWASH,43.10%
SWATH,58%
SWEAR,58%
SWEAT,58%
SWEEP,58%
SWEET,58%
SWELL,58%
SWEPT,58%
SWIFT,58%
SWILL,56.60%
SWINE,58%
SWING,58%
SWIPE,58%
SWIRL,58%
SWISH,57.69%
SWOON,58%
SWOOP,58%
SWORD,58%
SWORE,58%
SWORN,58%
SWUNG,58%
SYNCH,56.55%
SYNOD,56.64%
SYNTH,57.36%
SYRUP,58%
TABBY,56.89%
TABLE,58%
TABOO,58%
TACIT,58%
TACKY,58%
TAFFY,57.46%
TAINT,58%
TAKEN,58%
TAKER,58%
TALKY,57.90%
TALLY,58%
TALON,58%
TALUS,46.39%
TAMED,0.13%
TAMER,58%
TANGO,58%
TANGY,58%
TAPED,0.13%
TAPER,58%
TAPIR,50.17%
TARDY,58%
TAROT,57.93%
TARRY,56.51%
TASED,0.13%
TASER,49.21%
TASTE,58%
TASTY,58%
TATER,55.43%
TATTY,56.56%
TAUNT,58%
TAUPE,57.89%
TAWNY,57.97%
TAXED,0.13%
TEACH,58%
TEARY,58%
TEASE,58%
TEDDY,58%
TEENY,57.98%
TEETH,58%
TELOS,43.67%
TEMPO,58%
TEMPT,58%
TENET,58%
TENOR,58%
TENSE,58%
TENTH,58%
TEPEE,56.64%
TEPID,58%
TERRA,58%
TERRY,57.00%
TERSE,58%
TESTY,58%
TETRA,3.34%
THANK,58%
THEFT,58%
THEIR,58%
THEME,58%
THERE,58%
THESE,58%
THETA,45.17%
THICK,58%
THIEF,58%
THIGH,58%
THINE,55.61%
THING,58%
THINK,58%
THIRD,58%
THONG,58%
THORN,58%
THOSE,58%
THREE,58%
THREW,58%
THROB,58%
THROW,58%
THRUM,57.74%
THUMB,58%
THUMP,58%
THYME,58%
TIARA,58%
TIBIA,57.19%
TIDAL,58%
TIDED,0.13%
TIGER,58%
TIGHT,58%
TILDE,50.66%
TILED,0.13%
TIMED,0.13%
TIMER,58%
TIMID,58%
TINGE,58%
TINNY,58%
TIPSY,58%
TIRED,58%
TITAN,58%
TITER,34.85%
TITHE,55.96%
TITLE,58%
TIZZY,57.63%
TOADY,54.72%
TOAST,58%
TODAY,58%
TODDY,55.26%
TOKEN,58%
TONAL,58%
TONED,0.13%
TONER,58%
TONEY,41.06%
TONGA,1.05%
TONIC,58%
TOOTH,58%
TOPAZ,55.23%
TOPIC,58%
TORAH,14.35%
TORCH,58%
TORSO,58%
TORTA,56.27%
TORTE,57.75%
TORUS,45.17%
TOTAL,58%
TOTED,0.13%
TOTEM,58%
TOUCH,58%
TOUGH,58%
TOWED,0.13%
TOWEL,58%
TOWER,58%
TOXIC,58%
TOXIN,58%
TOYED,0.13%
TRACE,58%
TRACK,58%
TRACT,58%
TRADE,58%
TRAIL,58%
TRAIN,58%
TRAIT,58%
TRAMP,57.95%
TRANS,58%
TRASH,58%
TRAWL,57.39%
TREAD,58%
TREAT,58%
TREED,0.13%
TREND,58%
TRESS,44.71%
TRIAD,57.57%
TRIAL,58%
TRIBE,58%
TRICE,48.26%
TRICK,58%
TRIED,58%
TRIER,50.34%
TRIKE,50.66%
TRILL,57.58%
TRIPE,58%
TRITE,58%
TROLL,58%
TROMP,54.33%
TROOP,58%
TROPE,58%
TROUT,58%
TROVE,58%
TRUCE,58%
TRUCK,58%
TRUER,58%
TRULY,58%
TRUMP,58%
TRUNK,58%
TRUSS,57.60%
TRUST,58%
TRUTH,58%
TRYST,58%
TUBAL,54.46%
TUBBY,55.99%
TUBED,0.13%
TUBER,55.85%
TUFTY,2.98%
TULIP,58%
TULLE,58%
TUMMY,57.89%
TUMOR,58%
TUNED,0.13%
TUNER,57.98%
TUNIC,58%
TURBO,57.89%
TUTOR,58%
TWAIN,56.13%
TWANG,58%
TWEAK,58%
TWEED,58%
TWEEN,58%
TWEET,58%
TWERK,52.59%
TWERP,53.46%
TWICE,58%
TWILL,57.20%
TWINE,58%
TWIRL,58%
TWIST,58%
TWIXT,43.67%
TYING,58%
TYPED,0.13%
UDDER,54.61%
ULCER,58%
ULNAR,57.04%
ULTRA,58%
UMAMI,57.76%
UMBER,55.94%
UMBRA,49.21%
UNARM,2.23%
UNBOX,44.21%
UNCAP,44.21%
UNCLE,58%
UNCUT,57.94%
UNDER,58%
UNDID,58%
UNDUE,58%
UNFED,53.46%
UNFIT,58%
UNHIP,56.35%
UNIFY,58%
UNION,58%
UNITE,58%
UNITY,58%
UNJAM,3.17%
UNLIT,57.38%
UNMET,58%
UNPIN,38.42%
UNSAY,2.77%
UNSEE,54.49%
UNSET,42.47%
UNTAG,38.42%
UNTIE,58%
UNTIL,58%
UNWED,57.98%
UNZIP,58%
UPEND,58%
UPPED,0.13%
UPPER,58%
UPSET,58%
URBAN,58%
URGED,0.13%
URINE,58%
USAGE,58%
USHER,58%
USING,58%
USUAL,58%
USURP,58%
USURY,56.68%
UTILE,37.35%
UTTER,58%
UVULA,48.52%
VAGUE,58%
VALET,58%
VALID,58%
VALOR,57.64%
VALUE,58%
VALVE,58%
VAMPY,55.69%
VAPED,0.13%
VAPID,58%
VAPOR,58%
VAULT,58%
VAUNT,43.67%
VEGAN,58%
VEINY,51.22%
VELDT,50.66%
VENAL,58%
VENOM,58%
VENTI,55.36%
VENUE,58%
VERGE,58%
VERSE,58%
VERSO,50.50%
VERVE,58%
VEXED,0.13%
VICAR,58%
VIDEO,58%
VIGIL,58%
VIGOR,58%
VILLA,58%
VINED,0.13%
VINYL,58%
VIOLA,58%
VIPER,58%
VIRAL,58%
VIRUS,58%
VISIT,58%
VISOR,58%
VISTA,58%
VITAL,58%
VITRO,58%
VIVID,58%
VIXEN,56.96%
VOCAL,58%
VODKA,58%
VOGUE,58%
VOICE,58%
VOILA,58%
VOILE,55.48%
VOMIT,58%
VOTED,0.13%
VOTER,58%
VOUCH,58%
VOWED,0.13%
VOWEL,58%
VROOM,52.33%
VYING,58%
WACKO,57.26%
WACKY,58%
WADED,0.13%
WADER,36.17%
WAFER,58%
WAGED,0.13%
WAGER,58%
WAGON,58%
WAIST,58%
WAIVE,58%
WAKED,0.13%
WAKEN,47.99%
WALTZ,58%
WANED,0.13%
WANLY,57.02%
WARTY,53.96%
WASTE,58%
WATCH,58%
WATER,58%
WAVED,0.13%
WAVER,58%
WAXED,0.13%
WAXEN,53.96%
WEARY,58%
WEAVE,58%
WEDGE,58%
WEEDY,57.83%
WEEPY,58%
WEIGH,58%
WEIRD,58%
WHACK,58%
WHALE,58%
WHARF,58%
WHEAT,58%
WHEEL,58%
WHELK,50.95%
WHELP,36.17%
WHERE,58%
WHICH,58%
WHIFF,58%
WHILE,58%
WHINE,58%
WHINY,58%
WHIRL,58%
WHIRR,52.42%
WHISK,58%
WHIST,52.68%
WHITE,58%
WHIZZ,45.60%
WHOLE,58%
WHOMP,51.35%
WHOOP,57.80%
WHORL,54.98%
WHOSE,58%
WIDEN,58%
WIDER,58%
WIDOW,58%
WIDTH,58%
WIELD,58%
WIGHT,44.71%
WILED,0.13%
WILLY,48.99%
WIMPY,57.79%
WINCE,58%
WINCH,56.75%
WINDY,58%
WINED,0.13%
WINEY,53.06%
WIPED,0.13%
WIPER,58%
WIRED,0.13%
WISER,58%
WISPY,58%
WITCH,58%
WITTY,58%
WOKEN,58%
WOMAN,58%
WOMEN,58%
WONKY,58%
WOODY,58%
WOOED,0.13%
WOOER,39.38%
WOOLY,55.33%
WOOZY,58%
WORDY,57.76%
WORLD,58%
WORMY,55.07%
WORRY,58%
WORSE,58%
WORST,58%
WORTH,58%
WOULD,58%
WOUND,58%
WOVEN,58%
WOWED,0.13%
WRACK,51.82%
WRATH,58%
WREAK,58%
WRECK,58%
WREST,58%
WRING,58%
WRIST,58%
WRITE,58%
WRONG,58%
WROTE,58%
WRUNG,58%
WRYLY,58%
WURST,54.49%
XENON,55.41%
YACHT,58%
YAHOO,55.96%
YAPPY,52.99%
YEARN,58%
YEAST,58%
YIELD,58%
YODEL,55.43%
YOKED,0.13%
YOKEL,53.86%
YOUNG,58%
YOUTH,58%
YUCCA,57.54%
YUCKY,56.59%
YUMMY,57.96%
ZEBRA,58%
ZESTY,58%
ZILCH,55.73%
ZIPPY,58%
ZONAL,47.09%
ZONED,0.13%
